[
	{
		"inputs": [],
		"stateMutability": "nonpayable",
		"type": "constructor"
	},
	{
		"inputs": [
			{
				"internalType": "int256",
				"name": "amt",
				"type": "int256"
			}
		],
		"name": "depositBalance",
		"outputs": [],
		"stateMutability": "nonpayable",
		"type": "function"
	},
	{
		"inputs": [],
		"name": "getBalance",
		"outputs": [
			{
				"internalType": "int256",
				"name": "",
				"type": "int256"
			}
		],
		"stateMutability": "view",
		"type": "function"
	},
	{
		"inputs": [
			{
				"internalType": "int256",
				"name": "amt",
				"type": "int256"
			}
		],
		"name": "withdrawBalance",
		"outputs": [],
		"stateMutability": "nonpayable",
		"type": "function"
	}
]